feature,importance
nitrogen,0.14740531847594507
humidity,0.1460365717969367
soil_ph,0.14069220909546326
temperature,0.13961376522779648
crop_type,0.11593278591602763
rainfall,0.06342304880228399
disease_type,0.06224372203957865
region,0.06112174021825034
crop_stage,0.05332597674400088
disease_stage,0.04359341597644467
is_organic_farming,0.026611445707272367
